tool	CPAchecker 1.4-svn 17223M	CPAchecker 1.4-svn 17223M	CPAchecker 1.4-svn 17223M	CPAchecker 1.4-svn 17223M	CPAchecker 1.4-svn 17223M	CPAchecker 1.4-svn 17223M	CPAchecker 1.4-svn 17223M	CPAchecker 1.4-svn 17223M	CPAchecker 1.4-svn 17223M	CPAchecker 1.4-svn 17259M	CPAchecker 1.4-svn 17259M	CPAchecker 1.4-svn 17259M	CPAchecker 1.4-svn 17259M	CPAchecker 1.4-svn 17259M	CPAchecker 1.4-svn 17259M	CPAchecker 1.4-svn 17259M	CPAchecker 1.4-svn 17259M	CPAchecker 1.4-svn 17259M
run set	symbolic-slicedPrefixes.domain-good-short	symbolic-slicedPrefixes.domain-good-short	symbolic-slicedPrefixes.domain-good-short	symbolic-slicedPrefixes.domain-good-short	symbolic-slicedPrefixes.domain-good-short	symbolic-slicedPrefixes.domain-good-short	symbolic-slicedPrefixes.domain-good-short	symbolic-slicedPrefixes.domain-good-short	symbolic-slicedPrefixes.domain-good-short	symbolic-refiner.symEx-delegation-prefixSelection	symbolic-refiner.symEx-delegation-prefixSelection	symbolic-refiner.symEx-delegation-prefixSelection	symbolic-refiner.symEx-delegation-prefixSelection	symbolic-refiner.symEx-delegation-prefixSelection	symbolic-refiner.symEx-delegation-prefixSelection	symbolic-refiner.symEx-delegation-prefixSelection	symbolic-refiner.symEx-delegation-prefixSelection	symbolic-refiner.symEx-delegation-prefixSelection
../svcomp15/	status	cputime	walltime	host	memUsage	total	reached	refiners	time_refiners	status	cputime	walltime	host	memUsage	total	reached	refiners	time_refiners
bitvector/s3_clnt_1_true-unreach-call.BV.c.cil.c	TIMEOUT	901.969233302	885.860551119	zeus08	3716124672	884.615	1.365	6	50.225	true	17.531698428	12.124546051	zeus17	525983744	11.432	0.146	4	0.476
bitvector/s3_clnt_2_true-unreach-call.BV.c.cil.c	TIMEOUT	902.069425166	882.789098024	zeus17	3907330048	881.479	2.388	8	93.962	true	46.417041477	38.5733020306	zeus09	2442108928	37.906	0.339	4	0.950
bitvector/s3_srvr_1_alt_true-unreach-call.BV.c.cil.c	ERROR	630.532852071	616.547664881	zeus16	3890683904	615.759	1.107	9	364.901	TIMEOUT	901.343492844	890.744508028	zeus20	1237139456	889.994	0.215	4	879.009
bitvector/s3_srvr_1_true-unreach-call.BV.c.cil.c	true	41.11557279	32.4765808582	zeus15	1267281920	31.600	0.416	7	3.885	TIMEOUT	901.069863934	887.425462008	zeus16	684011520	886.661	0.279	21	873.678
bitvector/s3_srvr_3_alt_true-unreach-call.BV.c.cil.c	true	36.020323092	27.4557521343	zeus08	1275527168	26.769	0.376	7	3.478	TIMEOUT	900.999819518	887.513945103	zeus24	757112832	886.755	0.301	21	873.230
bitvector/s3_srvr_3_true-unreach-call.BV.c.cil.c	true	35.351205747	27.2787439823	zeus12	1281945600	26.600	0.374	7	3.429	TIMEOUT	901.476353466	888.840258837	zeus24	1204604928	888.088	0.304	21	874.855
floats-cdfpl/newton_2_6_false-unreach-call.i	TIMEOUT	901.197447801	898.410871983	zeus10	574013440	897.808	0.005	2	896.308	false(reach)	580.781590759	578.567826033	zeus03	610787328	577.947	0.003	2	576.425
ssh-simplified/s3_srvr_3_true-unreach-call.cil.c	true	35.981256665	27.5337250233	zeus13	1231216640	26.875	0.322	7	3.580	TIMEOUT	900.977579531	887.03686595	zeus17	675319808	886.318	0.377	27	868.142
ssh-simplified/s3_srvr_4_true-unreach-call.cil.c	true	13.994286902	8.89251208305	zeus02	347688960	7.930	0.143	4	1.886	TIMEOUT	901.038840411	887.065955162	zeus13	666034176	886.334	0.331	27	870.509
ssh-simplified/s3_srvr_6_true-unreach-call.cil.c	TIMEOUT	901.659152222	881.823101044	zeus03	4273807360	880.707	2.690	4	9.364	true	704.496497779	686.792136908	zeus21	3899408384	686.134	1.524	5	5.769
ssh-simplified/s3_srvr_8_true-unreach-call.cil.c	TIMEOUT	901.460001886	882.444030046	zeus08	4103073792	881.287	2.472	5	5.825	true	63.607741293	54.55042696	zeus21	1257398272	53.955	0.294	5	37.478
eca-rers2012/Problem07_label18_false-unreach-call.c	ERROR (1	912.592392352	740.25906086	zeus16	8342806528					TIMEOUT	902.423371832	704.576849937	zeus19	8754081792	703.013	6.442	8	438.761
eca-rers2012/Problem07_label19_false-unreach-call.c	ERROR (1	912.255956031	734.672085047	zeus11	8415920128					TIMEOUT	902.505214123	717.133720875	zeus08	8654995456	715.114	9.817	8	409.513
eca-rers2012/Problem07_label23_false-unreach-call.c	TIMEOUT	904.862518908	762.783390045	zeus03	8483266560	759.752	10.176	8	386.957	ERROR (1	930.760739625	745.040373087	zeus20	8679362560				
eca-rers2012/Problem07_label35_false-unreach-call.c	ERROR (1	912.529591464	786.32653904	zeus20	7421231104					TIMEOUT	903.008022229	729.198437214	zeus13	8810270720	726.865	9.928	8	394.008
eca-rers2012/Problem07_label37_false-unreach-call.c	ERROR (1	914.426894979	763.657713175	zeus03	8328486912					TIMEOUT	902.813704173	719.223865986	zeus01	8212586496	717.016	9.232	8	406.605
eca-rers2012/Problem07_label39_false-unreach-call.c	ERROR (1	938.847324835	777.623673916	zeus05	7378919424					TIMEOUT	902.445873536	695.736292124	zeus18	8628113408	694.479	6.805	8	443.804
eca-rers2012/Problem07_label42_false-unreach-call.c	TIMEOUT	903.265838387	732.89212513	zeus23	8368508928	730.610	9.343	8	392.063	ERROR (1	911.838456477	764.984624863	zeus22	8090419200				
eca-rers2012/Problem07_label46_false-unreach-call.c	TIMEOUT	903.642300899	740.330769062	zeus06	7937073152	737.430	10.850	8	404.619	ERROR (1	912.100860692	759.319357157	zeus24	7417188352				
eca-rers2012/Problem08_label06_false-unreach-call.c	TIMEOUT	907.003676796	594.336807013	zeus08	9118052352	592.079	1.642	2	501.712	ERROR (1	919.264312372	575.006548166	zeus09	9179832320				
eca-rers2012/Problem08_label13_false-unreach-call.c	TIMEOUT	908.152513253	585.018808126	zeus05	9282826240	582.860	3.097	2	498.860	ERROR (1	963.064957433	598.939151049	zeus18	9193222144				
eca-rers2012/Problem08_label15_false-unreach-call.c	ERROR (1	1004.22965192	664.622160912	zeus20	9007394816					TIMEOUT	901.977577187	584.7870121	zeus01	9268940800	583.631	1.558	2	496.275
eca-rers2012/Problem08_label26_false-unreach-call.c	ERROR (1	912.710085447	613.84987402	zeus14	10001268736					TIMEOUT	901.692446636	585.040230989	zeus12	9228734464	584.070	1.494	2	503.424
eca-rers2012/Problem08_label28_false-unreach-call.c	TIMEOUT	915.224896179	591.348526955	zeus23	9187786752	589.106	1.621	2	506.511	ERROR (1	914.331043977	590.425585985	zeus24	9138765824				
eca-rers2012/Problem08_label29_false-unreach-call.c	TIMEOUT	901.941472963	594.158643007	zeus24	9245966336	592.583	2.127	2	490.208	ERROR (1	912.867494762	619.996742964	zeus21	9615122432				
eca-rers2012/Problem08_label46_false-unreach-call.c	ERROR (1	914.787670122	616.251760006	zeus07	9884454912					TIMEOUT	901.46852106	583.194370985	zeus09	9254920192	582.286	1.510	2	500.346
eca-rers2012/Problem08_label49_false-unreach-call.c	TIMEOUT	902.485040413	626.604298115	zeus03	9162461184	624.709	3.338	2	458.534	ERROR (1	934.556109394	617.612951994	zeus24	9987039232				
eca-rers2012/Problem09_label02_false-unreach-call.c	TIMEOUT	906.757280386	565.937932968	zeus14	10177376256	561.707	3.014	1	457.266	ERROR (1	912.641801082	585.327363968	zeus23	10820673536				
eca-rers2012/Problem09_label10_false-unreach-call.c	TIMEOUT	902.206548829	555.469491959	zeus23	9993138176	553.660	1.753	1	458.026	ERROR (1	916.587174854	544.558797836	zeus14	9578749952				
eca-rers2012/Problem09_label11_false-unreach-call.c	TIMEOUT	901.696209008	554.170303822	zeus23	9802190848	552.864	1.225	1	478.202	ERROR (1	926.946616404	578.085289955	zeus11	10980462592				
eca-rers2012/Problem15_label03_false-unreach-call.c	TIMEOUT	906.501145688	682.561984062	zeus17	8460107776	678.100	16.339	4	2.796	false(reach)	52.153022838	40.8456730843	zeus16	2550652928	39.552	0.895	6	3.659
eca-rers2012/Problem15_label14_false-unreach-call.c	TIMEOUT	980.700203529	742.412059069	zeus07	9789730816	737.255	17.021	4	2.644	false(reach)	51.946500062	40.3866188526	zeus15	2499731456	39.104	0.924	6	3.373
eca-rers2012/Problem15_label23_false-unreach-call.c	TIMEOUT	904.938432771	686.507663012	zeus02	8412459008	682.187	14.739	4	2.401	false(reach)	77.561982035	64.8830060959	zeus24	3811827712	63.272	1.366	9	4.987
eca-rers2012/Problem15_label25_false-unreach-call.c	TIMEOUT	958.112260595	760.385617018	zeus20	7621570560	756.652	19.064	4	2.629	false(reach)	73.638597012	61.2487640381	zeus18	3025391616	59.504	1.380	8	4.428
eca-rers2012/Problem15_label45_false-unreach-call.c	TIMEOUT	908.821235778	682.949743986	zeus08	8471838720	676.420	13.307	4	2.565	false(reach)	48.387574055	37.5889310837	zeus10	2513661952	36.353	0.857	6	3.092
eca-rers2012/Problem15_label51_false-unreach-call.c	TIMEOUT	906.212424058	703.60646987	zeus14	9183817728	698.558	12.780	4	2.797	false(reach)	53.719776591	41.4494228363	zeus11	2182791168	40.059	0.896	6	3.814
eca-rers2012/Problem03_label03_true-unreach-call.c	true	58.373928137	46.5632491112	zeus08	2365272064	45.778	1.027	28	7.046	TIMEOUT	963.147017603	802.080710888	zeus11	8025882624	796.629	13.228	28	5.249
eca-rers2012/Problem03_label07_true-unreach-call.c	true	55.789481631	43.9361112118	zeus07	2295271424	43.107	1.063	25	6.071	TIMEOUT	908.967964948	805.715916872	zeus13	7639740416	798.640	16.788	25	5.036
eca-rers2012/Problem03_label08_true-unreach-call.c	true	61.442944031	50.2829108238	zeus24	2606084096	49.053	1.224	16	3.505	TIMEOUT	908.196513555	765.600301027	zeus06	7773810688	759.324	11.851	16	2.631
eca-rers2012/Problem03_label14_true-unreach-call.c	true	74.37939988	61.7283718586	zeus12	3512012800	60.921	1.470	25	7.563	TIMEOUT	907.512370903	803.285827875	zeus15	7358853120	797.154	59.411	25	10.663
eca-rers2012/Problem03_label15_true-unreach-call.c	true	61.890486223	50.2313430309	zeus21	2628972544	49.442	1.155	25	6.390	TIMEOUT	906.714930352	756.189182997	zeus19	7753101312	751.022	13.170	25	5.540
eca-rers2012/Problem03_label55_true-unreach-call.c	true	88.137876854	75.3575601578	zeus20	3673919488	74.451	1.884	20	7.692	TIMEOUT	906.754274419	760.944720984	zeus05	7456473088	756.522	15.054	20	10.412
eca-rers2012/Problem05_label05_true-unreach-call.c	TIMEOUT	903.608472815	821.25969696	zeus20	6879256576	818.197	24.818	9	72.914	true	835.707997561	722.752686024	zeus02	6842277888	719.967	18.475	11	98.308
eca-rers2012/Problem05_label23_true-unreach-call.c	TIMEOUT	902.94385567	814.360900879	zeus02	6946439168	812.033	21.812	11	73.598	true	680.774496314	618.017892838	zeus07	5507837952	615.288	17.706	11	44.802
eca-rers2012/Problem06_label03_true-unreach-call.c	TIMEOUT	909.682521606	769.905501842	zeus23	9237831680	763.158	39.201	29	33.514	ERROR (1	912.921406112	782.687269926	zeus04	9534246912				
eca-rers2012/Problem06_label31_true-unreach-call.c	TIMEOUT	901.742089355	798.465592146	zeus20	7501086720	797.107	52.322	29	53.653	true	885.70390011	779.75153923	zeus12	7233400832	777.421	21.921	30	56.053
eca-rers2012/Problem06_label34_true-unreach-call.c	ERROR (1	912.660201224	748.204590082	zeus24	9501745152					TIMEOUT	908.433943937	728.280856133	zeus21	9355833344	721.141	19.259	27	24.459
eca-rers2012/Problem07_label00_true-unreach-call.c	ERROR (1	928.969333067	767.758255005	zeus15	8640282624					TIMEOUT	914.520959526	728.994220018	zeus05	8245579776	725.309	7.723	9	427.537
eca-rers2012/Problem07_label01_true-unreach-call.c	ERROR (1	925.725417584	744.560073853	zeus03	8673792000					TIMEOUT	901.940772081	750.488199949	zeus17	7836618752	749.067	9.913	9	417.053
eca-rers2012/Problem07_label02_true-unreach-call.c	TIMEOUT	902.214254663	755.080626965	zeus21	7962632192	753.357	9.293	9	409.378	ERROR (1	912.053357869	706.255651951	zeus05	8845520896				
eca-rers2012/Problem07_label12_true-unreach-call.c	ERROR (1	924.869756479	749.278419971	zeus13	8276905984					TIMEOUT	902.750989371	711.656211853	zeus18	8175316992	709.764	7.705	8	415.378
eca-rers2012/Problem07_label13_true-unreach-call.c	ERROR (1	913.910092805	742.705847025	zeus20	8622510080					TIMEOUT	905.857257966	734.914295197	zeus05	7482458112	731.408	9.038	9	436.063
eca-rers2012/Problem07_label14_true-unreach-call.c	TIMEOUT	902.29638235	723.82446909	zeus10	8260022272	722.318	7.473	8	431.197	ERROR (1	931.261296196	749.381108999	zeus04	8209821696				
eca-rers2012/Problem07_label17_true-unreach-call.c	ERROR (1	912.025896721	755.807877064	zeus18	7913123840					TIMEOUT	916.6511334	760.908190966	zeus24	7628292096	751.874	10.708	9	398.969
eca-rers2012/Problem07_label24_true-unreach-call.c	TIMEOUT	902.512426204	716.796223164	zeus06	8700764160	714.975	8.215	8	433.086	ERROR (1	950.196107214	777.852325916	zeus17	7910445056				
eca-rers2012/Problem07_label25_true-unreach-call.c	ERROR (1	911.542180567	730.59297204	zeus15	8417992704					TIMEOUT	902.724960873	729.845306158	zeus20	8553431040	727.544	8.201	8	403.849
eca-rers2012/Problem07_label27_true-unreach-call.c	TIMEOUT	914.237641595	746.984392881	zeus03	8503238656	744.208	9.124	8	413.850	ERROR (1	937.188668473	766.464097977	zeus15	7869779968				
eca-rers2012/Problem07_label33_true-unreach-call.c	ERROR (1	925.39600846	769.262676001	zeus01	8831979520					TIMEOUT	902.728562716	706.837868929	zeus21	8390115328	704.921	8.526	8	421.707
eca-rers2012/Problem07_label41_true-unreach-call.c	TIMEOUT	902.867007875	752.552239895	zeus22	7485317120	750.313	9.503	8	392.322	ERROR (1	934.236030377	765.811397076	zeus11	7763324928				
eca-rers2012/Problem07_label52_true-unreach-call.c	ERROR (1	912.186281498	747.373488903	zeus24	7956230144					TIMEOUT	902.241318387	731.304965019	zeus01	8082333696	729.836	5.189	18	543.371
eca-rers2012/Problem07_label53_true-unreach-call.c	ERROR (1	912.401102003	741.589228868	zeus20	7455395840					TIMEOUT	902.451301205	748.562654972	zeus06	7727370240	746.383	6.391	17	514.243
eca-rers2012/Problem07_label56_true-unreach-call.c	ERROR (1	912.235111153	746.621731043	zeus23	7997480960					TIMEOUT	902.240656524	740.370130062	zeus07	7662727168	738.571	5.690	18	546.226
eca-rers2012/Problem08_label18_true-unreach-call.c	ERROR (1	912.938820667	589.863332987	zeus17	9314713600					TIMEOUT	909.805300214	589.925487041	zeus14	9254383616	587.663	1.496	2	506.179
eca-rers2012/Problem08_label23_true-unreach-call.c	TIMEOUT	903.354115859	586.232692003	zeus24	9301688320	584.010	1.595	2	497.380	ERROR (1	917.915625223	611.385431051	zeus01	10004451328				
eca-rers2012/Problem08_label30_true-unreach-call.c	TIMEOUT	901.611298366	620.238313198	zeus02	9119952896	619.021	3.007	2	475.517	ERROR (1	914.922569463	569.913897991	zeus12	9272791040				
eca-rers2012/Problem08_label32_true-unreach-call.c	ERROR (1	914.233469942	593.537221193	zeus13	9240141824					TIMEOUT	912.664490375	591.350201845	zeus18	9214566400	588.500	1.558	2	506.314
eca-rers2012/Problem08_label40_true-unreach-call.c	TIMEOUT	901.318048907	583.771971941	zeus12	9234067456	582.765	1.619	2	496.257	ERROR (1	913.363913178	632.075014114	zeus06	9750085632				
eca-rers2012/Problem08_label41_true-unreach-call.c	TIMEOUT	902.073281799	593.289993048	zeus05	9203736576	591.899	2.756	2	490.213	ERROR (1	917.672417696	602.583543062	zeus04	9196466176				
eca-rers2012/Problem08_label42_true-unreach-call.c	TIMEOUT	902.340174895	621.078546047	zeus03	9160114176	619.532	3.542	2	471.074	ERROR (1	914.830281376	585.993765116	zeus20	9276825600				
eca-rers2012/Problem08_label47_true-unreach-call.c	TIMEOUT	902.474522702	647.046849966	zeus03	9059934208	645.445	4.334	2	446.557	ERROR (1	915.659863791	583.359730959	zeus22	9167941632				
eca-rers2012/Problem08_label57_true-unreach-call.c	ERROR (1	976.708394738	610.781985044	zeus17	9194573824					TIMEOUT	902.259244349	592.042730093	zeus11	9232404480	590.553	3.040	2	496.891
eca-rers2012/Problem08_label58_true-unreach-call.c	TIMEOUT	901.469262419	584.754568815	zeus08	9176006656	583.647	1.630	2	497.097	ERROR (1	914.858242272	607.311533928	zeus22	9913520128				
eca-rers2012/Problem09_label01_true-unreach-call.c	TIMEOUT	903.274444146	610.417485952	zeus20	10217021440	607.812	4.134	1	407.564	ERROR (1	934.811496004	585.346164942	zeus19	10762104832				
eca-rers2012/Problem09_label04_true-unreach-call.c	ERROR (1	915.388439672	601.085376978	zeus09	10989342720					TIMEOUT	902.066468824	552.049123049	zeus15	9910984704	550.316	1.729	1	461.600
eca-rers2012/Problem09_label07_true-unreach-call.c	ERROR (1	926.266651012	604.272784948	zeus20	10919378944					TIMEOUT	902.635383467	559.225898981	zeus08	10203082752	557.168	1.865	1	455.587
eca-rers2012/Problem09_label17_true-unreach-call.c	TIMEOUT	902.236348352	573.023335934	zeus02	9781530624	571.451	2.246	1	450.007	ERROR (1	981.971793231	581.339035988	zeus21	9688629248				
eca-rers2012/Problem09_label25_true-unreach-call.c	ERROR (1	913.470699649	573.969381094	zeus07	10907258880					TIMEOUT	902.444775118	556.590196133	zeus07	9887698944	554.877	1.827	1	459.012
eca-rers2012/Problem09_label29_true-unreach-call.c	TIMEOUT	907.054326599	567.819169044	zeus10	10270420992	563.481	2.200	1	450.854	ERROR (1	944.181775879	558.623465061	zeus23	9592696832				
eca-rers2012/Problem09_label40_true-unreach-call.c	TIMEOUT	903.057306213	577.190351009	zeus18	10854731776	574.672	2.811	1	415.555	ERROR (1	966.111769462	573.107012033	zeus01	9652101120				
eca-rers2012/Problem09_label42_true-unreach-call.c	TIMEOUT	927.408107045	598.831921101	zeus13	10981445632	596.116	4.716	1	416.758	ERROR (1	913.145256308	590.642040014	zeus02	10868514816				
eca-rers2012/Problem09_label43_true-unreach-call.c	ERROR (1	965.072549724	653.416379929	zeus17	10992545792					TIMEOUT	902.713121753	564.916923046	zeus17	10252025856	562.631	2.384	1	440.351
eca-rers2012/Problem09_label49_true-unreach-call.c	TIMEOUT	904.435653315	570.153723955	zeus17	10352078848	567.903	2.277	1	448.663	ERROR (1	916.881588095	591.670032978	zeus11	10996576256				
product-lines/elevator_spec2_product09_true-unreach-call.cil.c	ERROR (1	912.061174413	745.675258875	zeus20	8623960064					TIMEOUT	905.700040844	677.466500044	zeus11	10675257344	673.269	18.764	6	29.995
product-lines/elevator_spec2_product23_true-unreach-call.cil.c	TIMEOUT	969.422603997	682.255076885	zeus13	10576015360	681.628	16.459	6	161.562	ERROR (1	1097.31422385	741.372727871	zeus15	10767839232				
product-lines/minepump_spec5_product35_true-unreach-call.cil.c	true	10.214593108	6.43939304352	zeus16	316850176	5.807	0.067	16	3.029	TIMEOUT	902.753220719	886.951261044	zeus21	3903819776	885.068	2.261	14	0.725
product-lines/minepump_spec5_product39_true-unreach-call.cil.c	true	10.203811409	6.11861395836	zeus16	318136320	5.523	0.087	16	2.645	TIMEOUT	902.045884558	885.749428034	zeus09	3885522944	884.035	2.177	16	0.875
product-lines/minepump_spec5_product51_true-unreach-call.cil.c	true	10.617177273	6.49751806259	zeus11	338792448	5.880	0.071	18	2.898	TIMEOUT	902.087998578	885.059807062	zeus24	3930456064	883.266	2.472	18	0.962
product-lines/minepump_spec5_product55_true-unreach-call.cil.c	true	10.33415868	6.2694170475	zeus08	333864960	5.639	0.116	16	2.482	TIMEOUT	902.186680433	885.33912015	zeus10	3896025088	883.609	2.189	16	0.830
ldv-linux-3.0/module_get_put-drivers-char-ipmi-ipmi_watchdog.ko_true-unreach-call.cil.out.i.pp.i	true	30.734445898	20.623942852	zeus10	715853824	19.921	0.444	11	7.191	TIMEOUT	901.487474637	879.944326878	zeus15	3808014336	878.941	2.127	11	2.643
ldv-linux-3.0/usb_urb-drivers-usb-serial-ir-usb.ko_true-unreach-call.cil.out.i.pp.i	ERROR	17.846961682	11.0973351002	zeus04	649990144	10.466	0.111	22	5.521	TIMEOUT	902.891529451	850.978463888	zeus04	5524942848	848.438	5.326	993	46.367
ldv-linux-3.4-simple/43_1a_cilled_false-unreach-call_ok_linux-43_1a-drivers--net--wireless--orinoco--orinoco_usb.ko-ldv_main0_sequence_infinite_withcheck_stateful.cil.out.c	false(reach)	105.413634585	91.4310290813	zeus20	3571089408	90.297	0.531	13	70.264	TIMEOUT	901.792849234	882.28357482	zeus01	3719462912	880.904	1.676	3	1.428
ldv-linux-3.4-simple/32_1_cilled_true-unreach-call_ok_nondet_linux-3.4-32_1-drivers--input--misc--apanel.ko-ldv_main0_sequence_infinite_withcheck_stateful.cil.out.c	true	7.488388376	4.5754339695	zeus17	277372928	3.931	0.012	1	0.842	TIMEOUT	901.843897306	884.286877871	zeus20	3754602496	882.884	1.732	1	0.535
ldv-linux-3.4-simple/43_1a_cilled_true-unreach-call_ok_nondet_linux-43_1a-drivers--input--gameport--lightning.ko-ldv_main0_sequence_infinite_withcheck_stateful.cil.out.c	true	8.807035357	5.42041087151	zeus15	271056896	4.673	0.024	1	1.418	TIMEOUT	901.705698338	889.984524012	zeus11	3523313664	888.982	0.906	1	0.594
ldv-commit-tester/m0_true-unreach-call_drivers-media-video-cx88-cx88-blackbird-ko--32_7a--d47b389-1.c	false(reach)	75.030410119	65.2595560551	zeus03	2312687616	64.519	0.172	2	57.486	TIMEOUT	901.488551254	887.48439908	zeus19	3667443712	886.511	1.175	1	3.556
ldv-commit-tester/m0_true-unreach-call_drivers-media-video-cx88-cx88-blackbird-ko--32_7a--d47b389.c	false(reach)	75.42898844	65.5286269188	zeus22	2313035776	64.771	0.194	2	57.859	TIMEOUT	901.591750123	887.187782049	zeus13	3658588160	886.203	1.332	1	3.491
ldv-commit-tester/m0_true-unreach-call_drivers-net-slip-ko--108_1a--1b0b0ac.c	true	19.265889424	12.8041300774	zeus16	635056128	12.144	0.081	7	7.210	TIMEOUT	901.695292266	887.584055901	zeus16	3543158784	886.522	0.178	6	877.463
ldv-consumption/32_7a_cilled_false-unreach-call_linux-3.8-rc1-drivers--hwmon--abituguru3.ko-main.cil.out.c	false(reach)	36.656559848	26.6356170177	zeus16	1529577472	25.304	0.828	11	4.325	TIMEOUT	902.184878019	882.990283012	zeus17	4055773184	881.223	2.353	22	2.774
ldv-consumption/32_7a_cilled_true-unreach-call_linux-3.8-rc1-32_7a-drivers--block--cciss.ko-ldv_main0_sequence_infinite_withcheck_stateful.cil.out.c	true	59.300448484	42.0455400944	zeus10	1625305088	40.980	1.287	6	5.937	TIMEOUT	902.858288651	861.212485075	zeus13	4485197824	858.873	3.026	1	0.628
ldv-consumption/32_7a_cilled_true-unreach-call_linux-3.8-rc1-32_7a-drivers--hwmon--applesmc.ko-ldv_main0_sequence_infinite_withcheck_stateful.cil.out.c	true	23.054239026	13.8022978306	zeus09	743526400	12.969	0.309	2	3.833	TIMEOUT	1201.98385125	821.146368027	zeus05	10838667264		10.476	1	0.409
ldv-consumption/32_7a_cilled_true-unreach-call_linux-3.8-rc1-32_7a-drivers--mtd--ubi--ubi.ko-ldv_main3_sequence_infinite_withcheck_stateful.cil.out.c	true	120.759431272	103.279915094	zeus22	3672072192	102.004	2.557	11	8.544	TIMEOUT	901.8164304	880.200069189	zeus09	3912630272	878.706	1.639	4	1.900
ldv-consumption/32_7a_cilled_true-unreach-call_linux-3.8-rc1-32_7a-drivers--parport--parport_pc.ko-ldv_main0_sequence_infinite_withcheck_stateful.cil.out.c	true	128.551610558	114.287681818	zeus13	3607777280	113.492	0.395	3	100.357	TIMEOUT	1201.98996995	807.259053946	zeus14	10729418752		13.661	1	6.039
ldv-consumption/32_7a_cilled_true-unreach-call_linux-3.8-rc1-32_7a-drivers--platform--x86--samsung-laptop.ko-ldv_main0_sequence_infinite_withcheck_stateful.cil.out.c	true	36.001448766	26.9265329838	zeus10	2024218624	26.234	0.244	7	19.169	TIMEOUT	903.998117877	816.10404706	zeus08	6827028480	812.350	7.483	4	2.228
ldv-consumption/32_7a_cilled_true-unreach-call_linux-3.8-rc1-32_7a-drivers--staging--bcm--bcm_wimax.ko-ldv_main2_sequence_infinite_withcheck_stateful.cil.out.c	true	768.401177207	594.881557941	zeus02	9057820672	590.485	27.808	3	94.463	TIMEOUT	903.141493505	677.700361013	zeus07	10625777664	675.191	23.986	2	62.569
ldv-consumption/32_7a_cilled_true-unreach-call_linux-3.8-rc1-32_7a-drivers--video--smscufx.ko-ldv_main0_sequence_infinite_withcheck_stateful.cil.out.c	false(reach)	106.577430751	94.5467121601	zeus16	3487408128	93.624	0.430	8	80.173	TIMEOUT	902.118148817	883.702188969	zeus16	4325580800	881.952	1.825	1	3.084
ldv-consumption/32_7a_cilled_true-unreach-call_linux-3.8-rc1-32_7a-kernel--rcutorture.ko-ldv_main0_sequence_infinite_withcheck_stateful.cil.out.c	true	193.136967994	176.777898073	zeus20	3924996096	175.131	5.435	17	37.284	TIMEOUT	903.457471497	788.637109995	zeus20	6298034176	785.644	4.792	3	1.301
ldv-consumption/32_7a_cilled_true-unreach-call_linux-3.8-rc1-32_7a-net--netfilter--ipvs--ip_vs.ko-ldv_main13_sequence_infinite_withcheck_stateful.cil.out.c	false(reach)	104.314453838	81.9944090843	zeus18	3531190272	81.155	0.161	11	62.868	TIMEOUT	901.606193933	875.327898979	zeus23	3767513088	874.086	1.446	8	3.547
ldv-consumption/32_7a_cilled_true-unreach-call_linux-3.8-rc1-32_7a-sound--core--seq--snd-seq.ko-ldv_main2_sequence_infinite_withcheck_stateful.cil.out.c	false(reach)	182.745216929	161.11476016	zeus23	4016771072	159.692	4.642	18	51.145	TIMEOUT	901.261895463	877.850407124	zeus03	3765481472	876.894	2.190	4	4.031
ldv-consumption/32_7a_cilled_true-unreach-call_linux-3.8-rc1-drivers--media--firewire--firedtv.ko-main.cil.out.c	true	26.193543836	15.7215559483	zeus17	690806784	14.929	0.256	13	4.700	TIMEOUT	904.648755758	810.469844103	zeus10	6293057536	807.183	2.778	13	1.862
ldv-consumption/32_7a_cilled_true-unreach-call_linux-3.8-rc1-drivers--vfio--pci--vfio-pci.ko-main.cil.out.c	true	25.275996291	15.333384037	zeus24	962936832	14.579	0.192	4	5.993	TIMEOUT	902.941831701	865.417490005	zeus13	5141659648	862.961	3.572	4	3.157
ldv-linux-3.12-rc1/linux-3.12-rc1.tar.xz-118_1a-drivers--scsi--qla2xxx--qla2xxx.ko-entry_point_false-unreach-call.cil.out.c	TIMEOUT	902.169566662	869.203811884	zeus20	3600064512	868.112	0.268	18	836.519	false(reach)	109.638894956	82.1648209095	zeus09	3619180544	80.957	0.484	19	42.695
ldv-linux-3.12-rc1/linux-3.12-rc1.tar.xz-144_2a-drivers--input--tablet--gtco.ko-entry_point_false-unreach-call.cil.out.c	false(reach)	21.399024733	13.2747490406	zeus04	656338944	12.506	0.197	15	6.097	TIMEOUT	905.771953329	793.714833021	zeus01	8144609280	788.795	7.627	14	3.459
ldv-linux-3.12-rc1/linux-3.12-rc1.tar.xz-144_2a-drivers--media--usb--stkwebcam--stkwebcam.ko-entry_point_false-unreach-call.cil.out.c	false(reach)	80.072821401	67.3107089996	zeus14	2323652608	66.417	0.479	13	52.826	TIMEOUT	901.945136812	882.383677959	zeus15	3904249856	880.806	2.491	8	5.250
ldv-linux-3.12-rc1/linux-3.12-rc1.tar.xz-144_2a-drivers--usb--wusbcore--wusb-cbaf.ko-entry_point_false-unreach-call.cil.out.c	false(reach)	29.798770889	21.0656869411	zeus23	1167216640	20.333	0.135	15	14.900	TIMEOUT	901.622449273	883.807983875	zeus15	3659436032	882.590	1.100	8	3.192
ldv-linux-3.12-rc1/linux-3.12-rc1.tar.xz-144_2a-drivers--net--can--usb--esd_usb2.ko-entry_point_true-unreach-call.cil.out.c	false(reach)	90.353577162	77.8103349209	zeus22	1567617024	76.880	0.348	17	64.788	TIMEOUT	947.049080534	665.138658047	zeus13	10734723072	661.400	9.075	7	2.451
ldv-linux-3.16-rc1/205_9a_array_unsafes_linux-3.16-rc1.tar.xz-205_9a-drivers--net--ieee802154--mrf24j40.ko-entry_point_false-unreach-call.cil.out.c	false(reach)	70.978055703	58.6309230328	zeus18	3351080960	57.454	1.581	22	14.198	TIMEOUT	905.796611176	820.822223902	zeus13	6487171072	816.620	7.382	19	3.913
ldv-linux-3.16-rc1/205_9a_array_unsafes_linux-3.16-rc1.tar.xz-205_9a-drivers--net--wireless--at76c50x-usb.ko-entry_point_false-unreach-call.cil.out.c	false(reach)	116.527039557	100.157423973	zeus07	3588722688	98.784	1.007	39	53.536	TIMEOUT	903.114831547	851.615439892	zeus11	4660051968	849.206	2.756	9	2.355
ldv-linux-3.16-rc1/205_9a_array_unsafes_linux-3.16-rc1.tar.xz-205_9a-drivers--net--wireless--mwifiex--mwifiex_sdio.ko-entry_point_false-unreach-call.cil.out.c	false(reach)	30.648543057	19.9309740067	zeus02	705757184	18.980	0.402	6	4.758	TIMEOUT	929.083495811	668.85525918	zeus07	8273805312	664.571	12.080	3	1.250
ldv-linux-3.16-rc1/205_9a_array_unsafes_linux-3.16-rc1.tar.xz-205_9a-drivers--net--wireless--mwifiex--mwifiex_usb.ko-entry_point_false-unreach-call.cil.out.c	false(reach)	184.646034585	170.272874832	zeus03	3606917120	169.416	0.836	44	145.928	TIMEOUT	918.001837136	773.863543987	zeus15	7483088896	769.922	29.152	382	24.675
ldv-linux-3.16-rc1/205_9a_array_safes_linux-3.16-rc1.tar.xz-205_9a-drivers--net--caif--caif_virtio.ko-entry_point_true-unreach-call.cil.out.c	true	37.418715765	27.1263501644	zeus05	1228939264	26.446	0.420	13	15.472	TIMEOUT	903.140443948	852.310857058	zeus21	4975726592	849.550	3.736	6	1.759
ldv-linux-3.16-rc1/43_2a_bitvector_linux-3.16-rc1.tar.xz-43_2a-drivers--block--skd.ko-entry_point_true-unreach-call.cil.out.c	true	35.266849502	21.0372478962	zeus19	1134309376	20.101	0.262	4	5.654	TIMEOUT	905.542483272	791.463671207	zeus02	6985240576	787.018	7.068	1	1.367
ldv-linux-3.16-rc1/43_2a_consumption_linux-3.16-rc1.tar.xz-43_2a-drivers--ata--sata_sx4.ko-entry_point_true-unreach-call.cil.out.c	true	18.236583007	11.5100119114	zeus12	657436672	10.860	0.134	2	5.340	TIMEOUT	901.791519043	885.888960123	zeus20	3612344320	884.885	1.122	2	1.938
ldv-linux-3.16-rc1/43_2a_consumption_linux-3.16-rc1.tar.xz-43_2a-drivers--block--paride--pg.ko-entry_point_true-unreach-call.cil.out.c	true	17.029637786	9.96631979942	zeus12	635568128	9.243	0.186	2	3.204	TIMEOUT	902.098613322	886.61962986	zeus15	3748372480	885.205	1.604	2	1.424
ldv-linux-3.16-rc1/43_2a_consumption_linux-3.16-rc1.tar.xz-43_2a-drivers--block--paride--pt.ko-entry_point_true-unreach-call.cil.out.c	true	26.104755493	16.1234149933	zeus04	979509248	15.245	0.446	2	3.805	TIMEOUT	902.063733989	886.378391981	zeus10	3703115776	885.117	1.471	2	1.719
ldv-linux-3.16-rc1/43_2a_consumption_linux-3.16-rc1.tar.xz-43_2a-drivers--hwmon--applesmc.ko-entry_point_true-unreach-call.cil.out.c	true	20.880696077	13.4141180515	zeus06	727584768	12.475	0.354	2	2.815	TIMEOUT	931.647414482	676.441895008	zeus12	10696392704	671.201	9.384	2	1.421
ldv-linux-3.16-rc1/43_2a_consumption_linux-3.16-rc1.tar.xz-43_2a-drivers--input--gameport--ns558.ko-entry_point_true-unreach-call.cil.out.c	true	7.091867541	4.35509800911	zeus21	272990208	3.684	0.016	1	1.090	TIMEOUT	902.61950581	884.415947914	zeus05	3907457024	882.549	2.428	1	0.601
ldv-linux-3.16-rc1/43_2a_consumption_linux-3.16-rc1.tar.xz-43_2a-drivers--memstick--host--jmb38x_ms.ko-entry_point_true-unreach-call.cil.out.c	true	36.137698432	24.410364151	zeus20	719478784	23.195	0.677	3	2.734	TIMEOUT	999.86399526	559.838083982	zeus23	10807111680	558.161	1.294	3	1.457
ldv-linux-3.16-rc1/43_2a_consumption_linux-3.16-rc1.tar.xz-43_2a-drivers--mtd--ubi--ubi.ko-entry_point_true-unreach-call.cil.out.c	true	789.319019882	619.485466957	zeus22	9764737024	607.711	18.158	7	17.459	TIMEOUT	1202.02879104	797.379772902	zeus04	10846138368		15.242	7	3.445
ldv-linux-3.16-rc1/43_2a_consumption_linux-3.16-rc1.tar.xz-43_2a-drivers--net--ethernet--calxeda--xgmac.ko-entry_point_true-unreach-call.cil.out.c	true	46.473444029	34.739262104	zeus13	2289684480	33.866	0.496	8	19.074	TIMEOUT	902.94970415	859.952069998	zeus07	5044011008	857.388	3.105	7	2.754
ldv-linux-3.16-rc1/43_2a_consumption_linux-3.16-rc1.tar.xz-43_2a-drivers--net--ethernet--cisco--enic--enic.ko-entry_point_true-unreach-call.cil.out.c	true	63.586398617	45.768419981	zeus12	2711588864	44.050	1.743	3	9.930	TIMEOUT	902.482444642	847.003551006	zeus23	5153406976	845.106	4.179	3	2.216
ldv-linux-3.16-rc1/43_2a_consumption_linux-3.16-rc1.tar.xz-43_2a-drivers--net--ethernet--mellanox--mlx4--mlx4_en.ko-entry_point_true-unreach-call.cil.out.c	true	171.989241434	130.637107849	zeus05	5258354688	128.343	4.042	10	21.061	TIMEOUT	950.511249508	674.709717989	zeus01	10132381696	669.194	14.299	10	4.539
ldv-linux-3.16-rc1/43_2a_consumption_linux-3.16-rc1.tar.xz-43_2a-drivers--net--ethernet--nvidia--forcedeth.ko-entry_point_true-unreach-call.cil.out.c	false(reach)	46.018783552	32.7176780701	zeus18	2322300928	31.944	0.093	17	22.591	TIMEOUT	901.243396386	881.915802956	zeus24	3636813824	880.904	1.166	8	2.220
ldv-linux-3.16-rc1/43_2a_consumption_linux-3.16-rc1.tar.xz-43_2a-drivers--net--ethernet--sun--sungem.ko-entry_point_true-unreach-call.cil.out.c	true	81.002355384	65.9866859913	zeus14	4084326400	63.356	2.439	2	5.555	TIMEOUT	901.370038316	883.270063877	zeus12	3609944064	882.277	1.201	2	1.824
ldv-linux-3.16-rc1/43_2a_consumption_linux-3.16-rc1.tar.xz-43_2a-drivers--net--wireless--ipw2x00--ipw2100.ko-entry_point_true-unreach-call.cil.out.c	true	262.358131902	216.743210077	zeus23	5236219904	214.333	5.828	2	42.957	TIMEOUT	904.029228545	821.148761988	zeus11	5768028160	818.242	6.177	2	8.063
ldv-linux-3.16-rc1/43_2a_consumption_linux-3.16-rc1.tar.xz-43_2a-drivers--net--wireless--zd1211rw--zd1211rw.ko-entry_point_true-unreach-call.cil.out.c	true	768.342876169	583.409678936	zeus22	8075300864	576.582	23.107	30	57.399	TIMEOUT	1008.35902069	690.254961967	zeus16	10884644864	666.113	19.408	124	61.522
ldv-linux-3.16-rc1/43_2a_consumption_linux-3.16-rc1.tar.xz-43_2a-drivers--scsi--vmw_pvscsi.ko-entry_point_true-unreach-call.cil.out.c	true	36.522231217	26.7774269581	zeus03	1350885376	25.832	0.409	2	14.930	TIMEOUT	904.088450377	805.507913113	zeus10	6664196096	802.150	5.855	2	2.924
ldv-linux-3.16-rc1/43_2a_consumption_linux-3.16-rc1.tar.xz-43_2a-drivers--staging--media--solo6x10--solo6x10.ko-entry_point_true-unreach-call.cil.out.c	true	116.579477952	97.1975059509	zeus13	4162818048	94.458	2.288	8	44.519	TIMEOUT	993.642283605	701.153032064	zeus20	9819643904	695.904	23.746	8	5.814
ldv-linux-3.16-rc1/43_2a_consumption_linux-3.16-rc1.tar.xz-43_2a-drivers--tty--isicom.ko-entry_point_true-unreach-call.cil.out.c	true	87.870372933	75.0191340446	zeus16	2801594368	73.874	1.170	36	48.371	TIMEOUT	901.47138256	883.913884163	zeus19	3598917632	882.805	1.363	2	1.759
ldv-linux-3.16-rc1/43_2a_consumption_linux-3.16-rc1.tar.xz-43_2a-drivers--tty--serial--8250--8250_pci.ko-entry_point_true-unreach-call.cil.out.c	true	34.118851465	21.6558010578	zeus14	1357307904	20.696	0.659	2	3.342	TIMEOUT	901.730794843	880.029852152	zeus06	3853979648	878.643	2.194	2	1.625
ldv-linux-3.16-rc1/43_2a_consumption_linux-3.16-rc1.tar.xz-43_2a-drivers--usb--class--cdc-acm.ko-entry_point_true-unreach-call.cil.out.c	true	255.787582324	238.247099876	zeus15	3962589184	237.292	2.307	111	158.479	TIMEOUT	902.281311284	879.383531809	zeus10	4485464064	877.523	2.661	35	3.946
ldv-linux-3.16-rc1/43_2a_consumption_linux-3.16-rc1.tar.xz-43_2a-drivers--video--fbdev--via--viafb.ko-entry_point_true-unreach-call.cil.out.c	true	155.855101278	128.386597872	zeus16	4665315328	125.697	3.554	4	35.062	TIMEOUT	1202.01312316	758.075579882	zeus11	10907369472		17.591	4	5.500
systemc/kundu1_false-unreach-call_false-termination.cil.c	false(reach)	16.445040692	9.80910897255	zeus09	626192384	9.015	0.209	22	2.614	TIMEOUT	901.491766538	886.093153954	zeus18	3627679744	884.898	1.224	12	0.738
systemc/kundu2_false-unreach-call_false-termination.cil.c	false(reach)	18.630896382	11.2442638874	zeus13	620179456	10.421	0.278	23	2.974	TIMEOUT	901.644146457	886.107521057	zeus15	3714707456	884.760	1.611	18	1.220
systemc/token_ring.03_false-unreach-call_false-termination.cil.c	false(reach)	21.650857826	14.2455539703	zeus10	662659072	13.483	0.355	28	4.386	TIMEOUT	902.688357613	884.240472078	zeus20	3751211008	882.350	4.022	49	5.883
systemc/token_ring.04_false-unreach-call_false-termination.cil.c	false(reach)	40.712177115	31.8903310299	zeus24	2189344768	30.995	0.898	39	6.933	TIMEOUT	902.159769393	878.463987112	zeus20	4588470272	876.877	3.685	16	6.928
systemc/token_ring.05_false-unreach-call_false-termination.cil.c	false(reach)	139.22787917	124.745551825	zeus02	4400275456	123.769	3.689	56	15.057	TIMEOUT	901.89786844	884.812978029	zeus13	4097798144	883.504	4.618	14	6.089
systemc/token_ring.06_false-unreach-call_false-termination.cil.c	false(reach)	750.026845637	661.630515814	zeus12	6493540352	660.537	42.356	85	53.068	TIMEOUT	903.260325359	877.784326792	zeus08	5126488064	875.530	3.383	12	6.108
systemc/transmitter.04_false-unreach-call_false-termination.cil.c	false(reach)	23.231329486	15.2678189278	zeus18	896647168	14.434	0.426	31	4.017	TIMEOUT	902.557613965	874.530936956	zeus15	4988026880	872.332	3.352	31	4.300
systemc/transmitter.05_false-unreach-call_false-termination.cil.c	false(reach)	43.996665692	35.0713570118	zeus07	2387570688	34.192	1.363	37	6.136	TIMEOUT	901.059080383	885.717769861	zeus12	3143385088	884.967	3.441	27	7.468
systemc/transmitter.06_false-unreach-call_false-termination.cil.c	false(reach)	135.504159349	121.090908051	zeus11	4280283136	120.116	4.774	43	14.278	TIMEOUT	901.800128782	884.048075914	zeus19	4722622464	882.751	3.470	16	7.121
systemc/transmitter.07_false-unreach-call_false-termination.cil.c	false(reach)	662.747948761	572.321752071	zeus14	7427526656	571.339	16.446	49	44.528	TIMEOUT	901.274501668	882.963660955	zeus16	4420435968	882.014	3.044	15	6.208
systemc/transmitter.15_false-unreach-call_false-termination.cil.c	false(reach)	24.013670954	14.4782850742	zeus12	1061732352	13.600	0.316	44	5.688	TIMEOUT	902.411873412	885.977640867	zeus11	3954868224	884.080	2.099	15	1.874
systemc/transmitter.16_false-unreach-call_false-termination.cil.c	false(reach)	23.956887904	14.7336280346	zeus07	1168801792	13.835	0.309	47	6.075	TIMEOUT	902.417449746	886.200731993	zeus03	3852058624	884.367	1.846	16	1.953
systemc/kundu_true-unreach-call_false-termination.cil.c	true	22.427012991	14.4933199883	zeus06	683569152	13.778	0.406	25	3.347	TIMEOUT	902.053801953	886.761889219	zeus04	3731116032	885.407	1.512	18	1.274
systemc/pc_sfifo_3_true-unreach-call_false-termination.cil.c	true	6.978753489	4.32213497162	zeus11	249421824	3.692	0.072	5	0.818	TIMEOUT	901.968091011	887.268122911	zeus17	3721113600	885.971	1.528	5	0.596
seq-mthreaded/pals_STARTPALS_ActiveStandby_false-unreach-call.1.ufo.BOUNDED-10.pals.c	TIMEOUT	901.357643007	883.768793106	zeus05	711651328	882.964	0.973	86	849.428	ERROR	73.601335123	63.8733332157	zeus13	659529728	63.208	0.176	25	57.383
seq-mthreaded/pals_STARTPALS_ActiveStandby_false-unreach-call.1.ufo.UNBOUNDED.pals.c	false(reach)	708.134668745	692.521924973	zeus04	744808448	691.791	0.507	89	675.284	ERROR	76.173728173	66.3522911072	zeus20	673906688	65.683	0.171	25	59.795
seq-mthreaded/pals_STARTPALS_ActiveStandby_false-unreach-call.4_1.ufo.BOUNDED-10.pals.c	TIMEOUT	901.101983729	885.658581018	zeus18	1334386688	884.849	0.979	90	851.811	ERROR	60.912316025	51.4979650974	zeus16	655892480	50.825	0.201	25	44.470
seq-mthreaded/pals_STARTPALS_ActiveStandby_false-unreach-call.4_1.ufo.UNBOUNDED.pals.c	false(reach)	739.700899905	724.285977125	zeus16	1683939328	723.365	1.148	90	674.739	ERROR	62.641479779	53.3881938457	zeus16	651857920	52.700	0.196	25	46.267
seq-mthreaded/pals_STARTPALS_ActiveStandby_false-unreach-call.4_2.ufo.BOUNDED-10.pals.c	TIMEOUT	901.230781308	883.92057991	zeus10	1201971200	883.091	0.944	84	849.507	ERROR	73.777056402	64.2640521526	zeus15	655011840	63.522	0.177	25	57.659
seq-mthreaded/pals_STARTPALS_ActiveStandby_false-unreach-call.4_2.ufo.UNBOUNDED.pals.c	TIMEOUT	902.348213412	879.765635967	zeus17	3755966464	878.008	2.672	93	732.639	ERROR	65.864841134	56.5633649826	zeus18	665096192	55.898	0.193	25	50.468
seq-mthreaded/pals_STARTPALS_ActiveStandby_false-unreach-call.5.ufo.BOUNDED-10.pals.c	TIMEOUT	901.282469935	884.841320038	zeus18	1072123904	884.008	1.000	86	851.112	ERROR	71.338510759	61.7810890675	zeus18	661282816	61.089	0.180	25	55.451
seq-mthreaded/pals_STARTPALS_ActiveStandby_false-unreach-call.5.ufo.UNBOUNDED.pals.c	TIMEOUT	901.300307611	883.052262783	zeus04	2142277632	882.328	1.675	94	801.113	ERROR	71.238511802	61.165282011	zeus18	662470656	60.473	0.186	25	54.776
seq-mthreaded/pals_STARTPALS_Triplicated_false-unreach-call.1.ufo.BOUNDED-10.pals.c	TIMEOUT	901.252769745	884.541883945	zeus23	2317398016	883.681	0.885	59	848.522	false(reach)	785.011168906	770.522231102	zeus04	1337397248	769.384	0.404	37	752.367
seq-mthreaded/pals_STARTPALS_Triplicated_false-unreach-call.1.ufo.UNBOUNDED.pals.c	TIMEOUT	901.72498074	887.025122881	zeus07	2434789376	886.127	0.938	59	854.325	false(reach)	758.355611734	744.673202991	zeus09	1348579328	743.711	0.389	37	727.649
seq-mthreaded/pals_STARTPALS_ActiveStandby_true-unreach-call.ufo.BOUNDED-10.pals.c	TIMEOUT	901.347797181	885.015151978	zeus13	1224355840	884.183	1.018	88	848.033	ERROR	72.075042507	62.5957698822	zeus22	658104320	61.895	0.229	25	56.023
seq-mthreaded/pals_STARTPALS_ActiveStandby_true-unreach-call.ufo.UNBOUNDED.pals.c	TIMEOUT	901.482515061	881.741631031	zeus22	3223076864	880.962	2.236	92	757.732	ERROR	69.037328265	59.2884700298	zeus18	720719872	58.583	0.172	25	52.472
ntdrivers/parport_false-unreach-call.i.cil.c	false(reach)	56.774330898	43.0508430004	zeus15	1253097472	42.122	0.680	63	18.980	TIMEOUT	907.862922552	785.447856903	zeus18	7311474688	779.314	9.247	18	1.983
ntdrivers/parport_true-unreach-call.i.cil.c	true	72.02314544	57.8575479984	zeus19	2312359936	57.112	0.851	130	30.084	TIMEOUT	906.856457348	773.024875164	zeus08	7696400384	767.397	8.507	18	2.015
